date,equipment_indicator,foundry_indicator,memory_indicator,logic_indicator,specialized_indicator,composite_score,momentum,acceleration,cycle_phase
2007-06-30,0.03462149328415252,,,,,0.03462149328415252,,,Expansion
2007-09-30,0.08426861356713834,,,,,0.08426861356713834,0.049647120282985825,,Expansion
2007-12-31,0.023713685273554278,0.15038861089976072,,,,0.174102296173315,0.08983368260617665,0.04018656232319082,Expansion
2008-03-31,-0.0034964988572541767,0.020446774560926,,,,0.016950275703671823,-0.15715202046964316,-0.2469857030758198,Early Recovery
2008-06-30,-0.03642593005050252,0.10991585986727159,,,,0.07348992981676908,0.056539654113097255,0.2136916745827404,Expansion
2008-09-30,-0.14636303264014702,0.060728911235437805,,,,-0.08563412140470922,-0.1591240512214783,-0.21566370533457555,Early Recovery
2008-12-31,-0.5805018232829167,-0.054490211869387795,,,,-0.6349920351523044,-0.5493579137475952,-0.3902338625261169,Downturn
2009-03-31,-0.4900050412710864,0.05062314531045772,,,,-0.4393818959606287,0.1956101391916757,0.7449680529392709,Downturn
2009-06-30,-0.06816394558523979,0.23094762420185153,,,,0.16278367861661175,0.6021655745772405,0.4065554353855648,Expansion
2009-07-31,,-0.07742671818588895,,,,-0.07742671818588895,-0.2402103968025007,-0.8423759713797412,Early Recovery
2009-09-30,0.3202488822312945,0.09867204896266155,0.03888195516340181,,,0.45780288635735783,0.5352296045432468,0.7754400013457474,Peak
2009-10-25,-0.412149663707344,,,-0.13917190115644765,,-0.5513215648637917,-1.0091244512211495,-1.5443540557643962,Downturn
2009-10-31,,0.0025061856502529706,,-0.030949629031811584,,-0.028443443381558613,0.5228781214822331,1.5320025727033826,Early Recovery
2009-12-03,,,-0.024747797688655,,,-0.024747797688655,0.003695645692903614,-0.5191824757893295,Early Recovery
2009-12-26,,,,0.22402631939572132,,0.22402631939572132,0.24877411708437633,0.2450784713914727,Expansion
2009-12-27,0.10262498456757173,,,0.15471702674410173,0.1781974744541318,0.43553948576580526,0.21151316637008394,-0.03726095071429239,Peak
2009-12-31,-0.18808331391821684,-0.018442110423173664,0.12431748074181781,-0.0037960837692353555,0.035187657641397425,-0.05081636972741064,-0.4863558554932159,-0.6978690218632999,Early Recovery
2010-01-01,-0.01099747094212527,,0.12029962507797062,,-0.04500946156233368,0.06429269257351167,0.1151090623009223,0.6014649177941382,Expansion
2010-01-30,,,,0.0049673615256560005,,0.0049673615256560005,-0.059325331047855666,-0.17443439334877797,Early Recovery
2010-01-31,-0.046630017487918174,0.017724781645368722,,0.02628248117952008,,-0.0026227546630293724,-0.007590116188685373,0.05173521485917029,Early Recovery
2010-03-04,,,0.10743935480674353,,,0.10743935480674353,0.1100621094697729,0.11765222565845827,Expansion
2010-03-27,,,,0.09579968142662565,,0.09579968142662565,-0.011639673380117885,-0.12170178284989079,Expansion
2010-03-28,0.24758748130920705,,,0.11585000144423852,0.23508147951668806,0.5985189622701337,0.502719280843508,0.5143589542236259,Peak
2010-03-31,0.023949014382742283,0.07110717457727064,0.05440094959670716,-0.054799309191332794,0.05719679032184577,0.15185461968723307,-0.4466643425829006,-0.9493836234264086,Expansion
2010-04-02,0.14682799573832644,,0.028726756901854687,0.21533955137402294,-0.048549972975144115,0.34234433103906,0.1904897113518269,0.6371540539347276,Expansion
2010-04-03,,-0.03804340346117474,,,,-0.03804340346117474,-0.3803877345002347,-0.5708774458520616,Early Recovery
2010-04-04,0.018071692028071462,,,,,0.018071692028071462,0.0561150954892462,0.4365028299894809,Early Recovery
2010-04-30,,0.13187942563510408,,0.09415795965245849,,0.22603738528756256,0.2079656932594911,0.1518505977702449,Expansion
2010-05-01,,,,0.09594223270576624,,0.09594223270576624,-0.13009515258179633,-0.3380608458412874,Expansion
2010-05-02,-0.05137960582660695,,,-0.20222513243987972,,-0.25360473826648666,-0.3495469709722529,-0.21945181839045658,Early Recovery
2010-06-03,,,0.09341233918814795,,,0.09341233918814795,0.3470170774546346,0.6965640484268876,Expansion
2010-06-26,,,,0.08733763835751765,,0.08733763835751765,-0.006074700830630303,-0.35309177828526495,Expansion
2010-06-27,0.26669383017095505,,,0.12194022132319643,0.2530597760784515,0.641693827572603,0.5543561892150853,0.5604308900457157,Peak
2010-06-30,0.09482521231797171,0.10292283121832677,-0.0336616301572061,-0.012675444484341027,0.08073868302724624,0.2321496519219976,-0.40954417565060536,-0.9639003648656908,Expansion
2010-07-02,0.14061176853831342,,-0.029706422378900695,0.20824121639744916,-0.013191720860871479,0.3059548416959904,0.07380518977399281,0.48334936542459817,Expansion
2010-07-03,,0.22398625964897478,,,,0.22398625964897478,-0.08196858204701563,-0.15577377182100843,Expansion
2010-07-04,0.20720344649636152,,,,,0.20720344649636152,-0.016782813152613263,0.06518576889440236,Expansion
2010-07-31,,0.21488906243680256,,0.1279024327229444,,0.34279149515974694,0.13558804866338542,0.15237086181599868,Expansion
2010-08-01,0.07070640198294825,,,-0.2432535347732745,,-0.17254713279032624,-0.5153386279500731,-0.6509266766134585,Early Recovery
2010-09-02,,,-0.029932946245310274,,,-0.029932946245310274,0.14261418654501595,0.657952814495089,Early Recovery
2010-09-25,,,,0.1354241942664113,,0.1354241942664113,0.16535714051172157,0.022742953966705615,Expansion
2010-09-26,0.260807837519423,,,0.1670030514775745,0.22056724163213492,0.6483781306291324,0.5129539363627211,0.34759679585099956,Peak
2010-09-30,0.15218915660954133,0.1538461367581793,0.08077002163965699,-0.04591757659034219,0.04976799178118044,0.39065573019821587,-0.25772240043091654,-0.7706763367936377,Expansion
2010-10-01,0.08967845781686487,,-0.0317895310807741,0.14180517361574035,0.014822336521649455,0.2145164368734806,-0.17613929332473527,0.08158310710618127,Expansion
2010-10-02,,0.36358904819834353,,,,0.36358904819834353,0.14907261132486294,0.3252119046495982,Expansion
2010-10-03,0.08896577935727408,,,,,0.08896577935727408,-0.27462326884106947,-0.4236958801659324,Expansion
2010-10-30,,,,0.10929881783065128,,0.10929881783065128,0.020333038473377196,0.29495630731444666,Expansion
2010-10-31,0.10592484644346593,0.13545971503316068,,0.004709566973439043,,0.24609412845006567,0.1367953106194144,0.11646227214603722,Expansion
2010-12-02,,,-0.12260617849192312,,,-0.12260617849192312,-0.3687003069419888,-0.5054956175614032,Early Recovery
2010-12-25,,,,0.12693444851992416,,0.12693444851992416,0.2495406270118473,0.6182409339538361,Expansion
2010-12-26,0.24533611965646226,,,0.20329745971430213,0.10874059144967832,0.5573741708204427,0.4304397223005185,0.18089909528867124,Peak
2010-12-31,0.10719123824394837,0.14780536851243814,0.010833915341241833,-0.004868557516579516,-0.006376434684653426,0.25458552989639543,-0.3027886409240473,-0.7332283632245657,Expansion
2011-01-29,,,,0.11363403320172201,,0.11363403320172201,-0.14095149669467344,0.16183714422937384,Expansion
2011-01-30,0.17874793312620255,,,-0.060232712986747275,,0.11851522013945527,0.004881186937733262,0.1458326836324067,Expansion
2011-01-31,,0.0315903049273967,,0.043225519682381405,,0.0748158246097781,-0.043699395529677165,-0.04858058246741043,Expansion
2011-03-03,,,-0.16741626494034478,,,-0.16741626494034478,-0.24223208955012288,-0.1985326940204457,Early Recovery
2011-03-27,0.10016499873740894,,,0.16542270629650463,0.028606139694159396,0.294193844728073,0.46161010966841776,0.7038421992185406,Expansion
2011-03-31,0.14539094534423067,0.05811484908220934,-0.09313178403729841,-0.036819056503255745,-0.02875952362069953,0.04479543026518633,-0.24939841446288663,-0.7110085241313044,Expansion
2011-04-01,0.09427516577401648,,-0.008908145471013734,0.010142458165950705,-0.016707054450662878,0.07880242401829057,0.034006993753104245,0.28340540821599086,Expansion
2011-04-02,,0.24767074475645123,,0.13668484822705868,,0.3843555929835099,0.30555316896521934,0.2715461752121151,Expansion
2011-04-03,-0.07294063017884149,,,,,-0.07294063017884149,-0.4572962231623514,-0.7628493921275707,Early Recovery
2011-04-30,,0.10034105318112284,,0.05723444415352735,0.00795431196529854,0.16552980929994873,0.2384704394787902,0.6957666626411416,Expansion
2011-05-01,0.08615196618962011,,,-0.06115021568054394,,0.025001750509076166,-0.14052805879087257,-0.3789984982696628,Early Recovery
2011-06-02,,,-0.15514722505894285,,,-0.15514722505894285,-0.180148975568019,-0.03962091677714644,Early Recovery
2011-06-26,-0.07738385665500967,,,0.13237693325693844,0.010138021711780302,0.06513109831370907,0.2202783233726519,0.4004272989406709,Expansion
2011-06-30,0.0645544658669291,-0.019279808886335494,-0.23787408959656317,-0.033821064771071954,-0.027544071118886338,-0.25396456850592786,-0.3190956668196369,-0.5393739901922888,Early Recovery
2011-07-01,0.041712890050121604,,-0.000652932947702918,-0.04535814648450831,-0.013059667600711942,-0.017357856982801567,0.2366067115231263,0.5557023783427633,Early Recovery
2011-07-02,,0.07747942018297177,,0.09767248689306642,,0.17515190707603817,0.19250976405883974,-0.04409694746428655,Expansion
2011-07-03,-0.052423096887592814,,,,,-0.052423096887592814,-0.22757500396363098,-0.42008476802247074,Early Recovery
2011-07-30,,,,0.09862799710506898,,0.09862799710506898,0.15105109399266178,0.37862609795629276,Expansion
2011-07-31,-0.03963799447448737,0.08342621691316562,,0.033025375922578995,0.0435151121703841,0.12032871053164135,0.02170071342657237,-0.1293503805660894,Expansion
2011-09-01,,,-0.168154882665359,,,-0.168154882665359,-0.28848359319700034,-0.3101843066235727,Early Recovery
2011-09-25,-0.2693433280921313,,,0.14895171023405834,0.050678627244300035,-0.06971299061377292,0.09844189205158607,0.3869254852485864,Early Recovery
2011-09-30,-0.08438009001855337,0.008436277120726532,-0.033692557882051104,-0.14220326910343808,-0.04478643550467568,-0.29662607538799174,-0.22691308477421882,-0.3253549768258049,Early Recovery
2011-10-01,,-0.15676495811505972,,0.0931534590270468,,-0.06361149908801292,0.23301457629997882,0.45992766107419764,Early Recovery
2011-10-02,-0.27037594022697176,,,,,-0.27037594022697176,-0.20676444113895884,-0.43977901743893766,Early Recovery
2011-10-29,,,,0.0009377694978897969,,0.0009377694978897969,0.2713137097248616,0.47807815086382044,Early Recovery
2011-10-30,-0.2820169953708835,,,-0.08172134800967518,,-0.36373834338055866,-0.3646761128784485,-0.63598982260331,Downturn
2011-10-31,,-0.09841229255821801,,0.028127516469580463,0.03712879058687109,-0.03315598550176646,0.3305823578787922,0.6952584707572407,Early Recovery
2011-12-01,,,-0.16586282608973868,,,-0.16586282608973868,-0.13270684058797222,-0.4632891984667644,Early Recovery
2011-12-25,-0.2845262520323203,,,0.18308534738845494,0.02240101331001107,-0.07903989133385428,0.0868229347558844,0.21952977534385662,Early Recovery
2011-12-30,-0.21054626090627115,,0.23029005482890477,,-0.04138453317275578,-0.021640739250122165,0.05739915208373211,-0.029423782672152288,Early Recovery
2011-12-31,-0.1655977425712347,-0.04583126943216048,-0.09045269581228074,-0.10343899276344158,-0.07243272861155918,-0.4777534291906767,-0.45611268994055454,-0.5135118420242867,Downturn
2012-01-29,-0.24420773897414993,,,-0.12374948070111819,,-0.3679572196752681,0.10979620951540858,0.5659088994559631,Downturn
2012-01-31,,-0.18167268708351975,,-0.038531155744509105,0.025917496573742173,-0.19428634625428667,0.17367087342098145,0.06387466390557286,Early Recovery
2012-02-04,,,,0.0008378026337939438,,0.0008378026337939438,0.1951241488880806,0.02145327546709916,Early Recovery
2012-03-01,,,-0.1431050518050379,,,-0.1431050518050379,-0.14394285443883184,-0.3390670033269124,Early Recovery
2012-03-25,-0.2345128143883163,,,0.12777808275462296,0.014994600927871228,-0.09174013070582213,0.05136492109921578,0.19530777553804762,Early Recovery
2012-03-30,0.05736694854680711,,0.4294453228041431,-0.13125331555974884,-0.06484447803263156,0.29071447775856984,0.38245460846439194,0.3310896873651762,Expansion
2012-03-31,-0.07214581066385332,0.009172360602204416,-0.18167946956901365,-0.07704472036579268,-0.03696661762121756,-0.3586642576176728,-0.6493787353762426,-1.0318333438406344,Downturn
2012-04-01,-0.1055920664174543,,,,,-0.1055920664174543,0.2530721912002185,0.9024509265764611,Early Recovery
2012-04-29,-0.05370337832035434,,,-0.11892436289105852,,-0.17262774121141286,-0.06703567479395856,-0.32010786599417707,Early Recovery
2012-04-30,,-0.08573069876304058,,-0.03764662917268151,0.016971571266410405,-0.10640575666931168,0.06622198454210118,0.13325765933605974,Early Recovery
2012-05-05,,,,0.035413974812894065,,0.035413974812894065,0.14181973148220575,0.07559774694010457,Expansion
2012-05-31,,,-0.14278368783710188,,,-0.14278368783710188,-0.17819766264999595,-0.3200173941322017,Early Recovery
2012-06-24,-0.16343450379476857,,,0.06496819033412966,0.014435030666465216,-0.08403128279417368,0.058752405042928196,0.23695006769292415,Early Recovery
2012-06-29,0.07600175193782775,,0.30878555938377533,-0.08981427353286706,-0.05921995707636274,0.23575308071237333,0.31978436350654704,0.2610319584636188,Expansion
2012-06-30,-0.058199078722999335,0.04431465437746507,-0.2462595917835497,-0.04527113994470149,-0.011443432464065895,-0.3168585885378513,-0.5526116692502246,-0.8723960327567717,Early Recovery
2012-07-01,0.11434598077020325,,,,,0.11434598077020325,0.43120456930805456,0.9838162385582792,Expansion
2012-07-29,-0.13338340813871807,,,-0.032797456429891625,,-0.1661808645686097,-0.28052684533881295,-0.7117314146468675,Early Recovery
2012-07-31,,-0.054792244009832326,,0.0031607288949051225,0.0745509892671301,0.02291947415220289,0.18910033872081258,0.46962718405962556,Early Recovery
2012-08-04,,,,0.08350415748351642,,0.08350415748351642,0.060584683331313526,-0.12851565538949905,Expansion
2012-08-30,,,-0.17945991829770983,,,-0.17945991829770983,-0.26296407578122627,-0.3235487591125398,Early Recovery
2012-09-23,-0.28518009169881414,,,,0.055510656126951954,-0.2296694355718622,-0.05020951727415238,0.2127545585070739,Early Recovery
2012-09-28,-0.08222884580468286,,0.004525990034140032,-0.11852653816070245,-0.027559360022399695,-0.22378875395364498,0.005880681618217226,0.0560901988923696,Early Recovery
2012-09-29,,-0.098421039706962,,-0.012525940751539483,-0.055003165861898455,-0.16595014632039995,0.057838607633245026,0.0519579260150278,Early Recovery
2012-09-30,-0.1887622785164293,0.0494988455182014,-0.10318524711582061,-0.030587109567082556,-0.035059252723113686,-0.30809504240424473,-0.14214489608384479,-0.1999835037170898,Early Recovery
2012-10-28,-0.3880757089878886,,,-0.024727234931872184,,-0.4128029439197608,-0.10470790151551607,0.03743699456832872,Downturn
2012-10-31,,-0.14204462335106233,,-0.03412760737416738,0.053602713905578005,-0.1225695168196517,0.29023342710010913,0.3949413286156252,Early Recovery
2012-11-03,,,,-6.873894055302172e-05,,-6.873894055302172e-05,0.12250077787909867,-0.16773264922101044,Early Recovery
2012-11-29,,,-0.1655432357380096,,,-0.1655432357380096,-0.1654744967974566,-0.28797527467655526,Early Recovery
2012-12-23,-0.33302977288154384,,,,,-0.33302977288154384,-0.16748653714353423,-0.0020120403460776315,Early Recovery
2012-12-28,-0.02933685137286488,,-0.07958567944724815,,-0.04400311893314204,-0.15292564975325507,0.18010412312828877,0.347590660271823,Early Recovery
2012-12-29,,,,-0.04893135657246614,-0.007649747102828498,-0.05658110367529463,0.09634454607796043,-0.08375957705032834,Early Recovery
2012-12-30,,,,0.1667466350437639,0.05607300646226354,0.22281964150602745,0.2794007451813221,0.18305619910336163,Expansion
2012-12-31,-0.3008666083870298,-0.06311795735085193,-0.12192000701798011,-0.18575741091914344,-0.05507938596971497,-0.7267413696447202,-0.9495610111507478,-1.2289617563320698,Downturn
2013-01-27,-0.25359826830320154,,,-0.09403857918086334,,-0.34763684748406487,0.3791045221606554,1.328665533311403,Early Recovery
2013-01-31,,-0.1731764309739592,,-0.06493616626334478,0.02006947860179096,-0.21804311863551304,0.12959372884855183,-0.24951079331210355,Early Recovery
2013-02-02,,,,-0.017729103320366653,,-0.017729103320366653,0.2003140153151464,0.07072028646659456,Early Recovery
2013-02-28,,,-0.08313520539528375,,,-0.08313520539528375,-0.0654061020749171,-0.2657201173900635,Early Recovery
2013-03-29,0.07688159990648769,,-0.02470745609154692,-0.11405280344951772,-0.054332993936697487,-0.11621165357127444,-0.03307644817599069,0.032329653898926405,Early Recovery
2013-03-30,,-0.07196788573080354,,-0.042774074770402744,-0.024492243670431624,-0.1392342041716379,-0.023022550600363456,0.010053897575627233,Early Recovery
2013-03-31,-0.22510637127668218,-0.039788116456278694,-0.19835635556322065,-0.07634983092592063,-0.004045113101862118,-0.5436457873239642,-0.4044115831523263,-0.3813890325519628,Downturn
2013-04-28,-0.051091008874891194,,,-0.12695851085669282,,-0.178049519731584,0.3655962675923802,0.7700078507447065,Early Recovery
2013-04-30,,-0.05760378145835731,,-0.03926570933274721,-0.005853714599362862,-0.10272320539046738,0.07532631434111663,-0.29026995325126353,Early Recovery
2013-05-04,,,,0.009540835786705955,,0.009540835786705955,0.11226404117717334,0.036937726836056714,Early Recovery
2013-05-30,,,-0.031008194114370127,,,-0.031008194114370127,-0.04054902990107608,-0.15281307107824943,Early Recovery
2013-06-28,0.1180221203271198,,-0.01786819483830693,-0.05655502744418043,-0.0400275981874426,0.00357129985718984,0.03457949397155997,0.07512852387263605,Early Recovery
2013-06-29,,-0.024352163381076205,,-0.0032861245856315975,-0.03134993094895111,-0.05898821891565891,-0.06255951877284875,-0.09713901274440873,Early Recovery
2013-06-30,-0.12872254899229138,0.018042174346594865,-0.2642073918674467,-0.05121080695066821,0.02096231999790193,-0.4051362534659095,-0.34614803455025056,-0.2835885157774018,Downturn
2013-07-28,-0.04158491296838758,,,-0.0743431548474901,,-0.11592806781587768,0.2892081856500318,0.6353562202002824,Early Recovery
2013-07-31,,-0.06408173770290233,,0.023950722561501984,0.04842023259416916,0.00828921745276881,0.12421728526864649,-0.1649909003813853,Early Recovery
2013-08-03,,,,0.0708490441719936,,0.0708490441719936,0.06255982671922479,-0.0616574585494217,Expansion
2013-08-29,,,0.01639807180735068,,,0.01639807180735068,-0.05445097236464292,-0.11701079908386772,Early Recovery
2013-09-27,0.10328544076999509,,0.0024935402160720377,-0.0360229771105209,0.00015494264794905512,0.06991094652349529,0.05351287471614461,0.10796384708078753,Expansion
2013-09-28,,-0.03157940983488551,,0.041528833764223054,-0.01843282610652898,-0.008483402177191436,-0.07839434870068673,-0.13190722341683134,Early Recovery
2013-09-29,-0.023638859851473234,,,0.0030005999136976506,0.06323948374099563,0.04260122380322004,0.051084625980411476,0.1294789746810982,Expansion
2013-09-30,-0.1270954594036656,0.029266902356927544,-0.1221845536187198,-0.05820163729627088,0.007821526873070072,-0.27039322108865865,-0.31299444489187866,-0.36407907087229013,Early Recovery
2013-10-27,-0.14719755336065665,,,-0.029635864308282734,,-0.1768334176689394,0.09355980341971926,0.4065542483115979,Early Recovery
2013-10-31,,-0.08647816165778346,,0.01729592918735889,0.03821271091665842,-0.03096952155376615,0.14586389611517325,0.052304092695453996,Early Recovery
2013-11-02,,,,0.01954118981059682,,0.01954118981059682,0.05051071136436297,-0.09535318475081028,Early Recovery
2013-11-28,,,0.057968127474041266,,,0.057968127474041266,0.038426937663444447,-0.012083773700918524,Expansion
2013-12-27,0.1489648322654914,,-0.005676769620567495,,-0.009049839151505956,0.13423822349341796,0.0762700960193767,0.03784315835593226,Expansion
2013-12-28,,,,-0.004750456037412018,,-0.004750456037412018,-0.13898867953083,-0.2152587755502067,Early Recovery
2013-12-29,-0.0889752637571327,,,0.007930321892952997,0.04139093684850758,-0.03965400501567213,-0.03490354897826011,0.10408513055256988,Early Recovery
2013-12-31,-0.10094871565949476,-0.04659481944826365,-0.1583327533569234,-0.09871477212358556,-0.023819723468166517,-0.42841078405643396,-0.38875677904076184,-0.35385323006250174,Downturn
2014-01-26,-0.05518147206142111,,,-0.05208304313276568,,-0.10726451519418678,0.3211462688622472,0.7099030479030091,Early Recovery
2014-01-31,,,,-0.031157406483136238,0.007969081901180036,-0.0231883245819562,0.08407619061223058,-0.23707007825001658,Early Recovery
2014-02-01,,,,0.04794959994151615,,0.04794959994151615,0.07113792452347235,-0.012938266088758227,Expansion
2014-02-27,,,0.04237225718304239,,,0.04237225718304239,-0.005577342758473762,-0.07671526728194611,Expansion
2014-03-28,0.14064698822978192,,-0.03283190002289583,-0.06124900880685327,-0.0005390859884612298,0.04602699341157159,0.003654736228529201,0.009232078987002963,Expansion
2014-03-29,,-0.049426954440151175,,-0.038131488269430386,,-0.08755844270958156,-0.13358543612115314,-0.13724017234968233,Early Recovery
2014-03-30,-0.04783257240439473,,,0.052297838790161456,0.037458100413241026,0.04192336679900775,0.1294818095085893,0.2630672456297425,Expansion
2014-03-31,-0.09920331485959753,-0.018489792538684633,-0.20584170488121944,-0.09303615136101068,-0.013423419418272287,-0.42999438305878457,-0.47191774985779233,-0.6013995593663817,Downturn
2014-04-27,-0.010237683382224739,,,-0.07711808525696301,,-0.08735576863918774,0.3426386144195968,0.8145563642773892,Early Recovery
2014-04-30,,,,-0.06099905441217891,0.0015043011932068528,-0.05949475321897206,0.027861015420215685,-0.3147775989993811,Early Recovery
2014-05-03,,,,0.03343551723328812,,0.03343551723328812,0.09293027045226018,0.0650692550320445,Expansion
2014-05-29,,,-0.00028457925352367783,,,-0.00028457925352367783,-0.033720096486811804,-0.126650366939072,Early Recovery
2014-06-27,0.02637616955252854,,-0.01595110311923622,-0.02581795597983256,0.03361229627694379,0.01821940673040355,0.01850398598392723,0.052224082470739036,Early Recovery
2014-06-28,,-0.04444244657492423,,-0.017302183921331146,0.06779576452508321,0.006051134028827829,-0.012168272701575722,-0.03067225868550295,Early Recovery
2014-06-29,-0.04185403922116732,,,0.06569430904815313,0.014937473453107787,0.03877774328009359,0.03272660925126576,0.044894881952841484,Expansion
2014-06-30,-0.15983598631557847,0.028369591470381057,-0.2037166964698608,0.009672228127999512,0.009082249600272931,-0.31642861358678576,-0.35520635686687935,-0.3879329661181451,Early Recovery
2014-07-27,-0.034137868939786,,,-0.059346964005982564,,-0.09348483294576856,0.2229437806410172,0.5781501375078966,Early Recovery
2014-07-31,,,,-0.012236556803580136,0.07317929086564617,0.06094273406206604,0.1544275670078346,-0.06851621363318258,Expansion
2014-08-02,,,,-9.185578870150036e-05,,-9.185578870150036e-05,-0.06103458985076754,-0.21546215685860215,Early Recovery
2014-08-28,,,0.06022738991548718,,,0.06022738991548718,0.06031924570418868,0.12135383555495621,Expansion
2014-09-26,-0.004742901468198384,,,-0.02078409132717579,,-0.025526992795374175,-0.08575438271086136,-0.14607362841505003,Early Recovery
2014-09-27,,-0.03634522684851314,,0.02962072419404014,0.1346525330714588,0.1279280304169858,0.15345502321236,0.23920940592322135,Expansion
2014-09-28,-0.13887924911428923,,,0.049323197725634926,-0.007392525846383244,-0.09694857723503754,-0.22487660765202333,-0.3783316308643833,Early Recovery
2014-09-30,-0.16349234573879742,0.04350876173055118,-0.03815111902845725,0.05426807855934843,0.013183166654421305,-0.09068345782293376,0.006265119412103781,0.2311417270641271,Early Recovery
2014-10-03,,,0.08020294376095594,,0.07226320982195943,0.15246615358291538,0.24314961140584912,0.23688449199374534,Expansion
2014-10-26,-0.057385094455170094,,,-0.02426816474982281,,-0.0816532592049929,-0.23411941278790827,-0.4772690241937574,Early Recovery
2014-10-31,,,,-0.004283838881127555,0.09809484560883158,0.09381100672770402,0.17546426593269693,0.4095836787206052,Expansion
2014-11-01,,,,-0.06382409162959216,,-0.06382409162959216,-0.15763509835729617,-0.3330993642899931,Early Recovery
2014-12-04,,,0.07633616201237974,,,0.07633616201237974,0.14016025364197188,0.29779535199926804,Expansion
2014-12-26,0.06639606466540085,,,,,0.06639606466540085,-0.009940097346978885,-0.15010035098895075,Expansion
2014-12-27,,,,-0.03927400014591144,0.09439192176028466,0.05511792161437322,-0.011278143051027631,-0.001338045704048746,Expansion
2014-12-28,-0.16524085926809612,,,0.023025165832115804,-0.031839778869045376,-0.1740554723050257,-0.2291733939193989,-0.21789525086837125,Early Recovery
2014-12-31,-0.09053472964098212,-0.015246003562100503,-0.04259749678061376,-0.023829301030900377,-0.029744462020194984,-0.20195199303479172,-0.027896520729766033,0.20127687318963286,Early Recovery
2015-01-02,,,0.07325128901751174,,0.04608480155257267,0.1193360905700844,0.32128808360487615,0.34918460433464216,Expansion
2015-01-25,-0.04606124766799351,,,-0.04375698953960695,,-0.08981823720760046,-0.20915432777768486,-0.530442411382561,Early Recovery
2015-01-31,,,,-0.011360481230351618,0.08938232232127485,0.07802184109092324,0.1678400782985237,0.3769944060762086,Expansion
2015-03-05,,,0.00889273373982372,,,0.00889273373982372,-0.06912910735109952,-0.23696918564962322,Early Recovery
2015-03-27,0.06597817432123203,,,,,0.06597817432123203,0.05708544058140831,0.12621454793250783,Expansion
2015-03-28,,,,-0.10420155041428861,0.04072554338012566,-0.06347600703416295,-0.129454181355395,-0.1865396219368033,Early Recovery
2015-03-29,-0.1078763376293319,,,-0.03185753691827128,-0.039194536416658904,-0.17892841096426207,-0.11545240393009912,0.014001777425295875,Early Recovery
2015-03-31,-0.022159714430182203,-0.013172324691758719,-0.12115226004853932,-0.04227745101097095,-0.0477393289132842,-0.24650107909473537,-0.0675726681304733,0.04787973579962582,Early Recovery
2015-04-03,,,-0.024001342927702722,-0.07497001938836477,0.03816663823600696,-0.060804724080060525,0.18569635501467485,0.25326902314514815,Early Recovery
2015-04-04,,-0.090206642104478,,,,-0.090206642104478,-0.029401918024417474,-0.21509827303909232,Early Recovery
2015-04-05,-0.03651356678562827,,,,,-0.03651356678562827,0.05369307531884973,0.0830949933432672,Early Recovery
2015-04-26,-0.05798184209379674,,,-0.08621809346587622,,-0.14419993555967298,-0.10768636877404471,-0.16137944409289445,Early Recovery
2015-04-30,,,,-0.08075305910709521,0.0967621428862806,0.01600908377918539,0.16020901933885837,0.2678953881129031,Early Recovery
2015-05-02,,,,0.06590616114674427,,0.06590616114674427,0.049897077367558884,-0.11031194197129948,Expansion
2015-06-04,,,-0.08428078251685972,,,-0.08428078251685972,-0.150186943663604,-0.20008402103116288,Early Recovery
2015-06-26,0.029194985002375697,,,,,0.029194985002375697,0.11347576751923541,0.2636627111828394,Expansion
2015-06-27,,,,-0.07961286884800689,0.0034978524229552724,-0.07611501642505161,-0.1053100014274273,-0.2187857689466627,Early Recovery
2015-06-28,-0.028165121691472644,,,-0.08987838307392985,-0.023241264078581233,-0.14128476884398372,-0.06516975241893211,0.040140249008495194,Early Recovery
2015-06-30,-0.05613537098294361,-0.01645536506386182,-0.15092092174126892,0.015612470149079566,-0.040028645143391356,-0.24792783278238614,-0.10664306393840242,-0.04147331151947031,Early Recovery
2015-07-03,,,-0.0744718413134085,-0.056466558138725344,0.054778089896568787,-0.07616030955556505,0.1717675232268211,0.2784105871652235,Early Recovery
2015-07-04,,-0.12771079814773517,,,,-0.12771079814773517,-0.051550488592170124,-0.22331801181899122,Early Recovery
2015-07-05,0.10565640014623451,,,,,0.10565640014623451,0.23336719829396968,0.28491768688613983,Expansion
2015-07-26,-0.11648773477340132,,,-0.05868879462559578,,-0.1751765293989971,-0.28083292954523165,-0.5142001278392013,Early Recovery
2015-07-31,,,,-0.0763227593617153,0.14089107171206927,0.06456831235035397,0.23974484174935107,0.5205777712945827,Expansion
2015-08-01,,,,0.07915034700135419,,0.07915034700135419,0.01458203465100022,-0.22516280709835085,Expansion
2015-09-03,,,-0.10680391301509001,,,-0.10680391301509001,-0.18595426001644422,-0.20053629466744444,Early Recovery
2015-09-25,-0.07753217467490114,,,,,-0.07753217467490114,0.02927173834018887,0.21522599835663309,Early Recovery
2015-09-26,,,,-0.01621333299517701,,-0.01621333299517701,0.06131884167972414,0.03204710333953527,Early Recovery
2015-09-27,-0.05375986516094536,,,-0.06639973291086763,0.0004775138607309576,-0.11968208421108203,-0.10346875121590503,-0.16478759289562916,Early Recovery
2015-09-30,-0.14057585450330745,8.138022809365403e-05,-0.033979003933164956,0.018805926258698005,-0.03696592397885144,-0.1926334759285322,-0.07295139171745016,0.03051735949845487,Early Recovery
2015-10-02,,,-0.013000211437499642,-0.08237097315610556,0.09546152897599383,9.034438238862685e-05,0.19272382031092083,0.26567521202837097,Early Recovery
2015-10-03,,-0.1481104409291325,,,-0.011013783395022724,-0.15912422432415524,-0.15921456870654388,-0.3519383890174647,Early Recovery
2015-10-04,-0.050473530987461164,,,,,-0.050473530987461164,0.10865069333669408,0.26786526204323796,Early Recovery
2015-10-25,-0.208451263721987,,,-0.008474425430075944,,-0.21692568915206295,-0.1664521581646018,-0.2751028515012959,Early Recovery
2015-10-31,,,,-0.05142566460425292,0.09262546954863204,0.04119980494437912,0.2581254940964421,0.4245776522610439,Expansion
2015-12-03,,,-0.15204688852422746,,,-0.15204688852422746,-0.19324669346860657,-0.45137218756504865,Early Recovery
2015-12-25,-0.10217588747811886,,,,,-0.10217588747811886,0.0498710010461086,0.24311769451471515,Early Recovery
2015-12-26,,,,-0.052916995187041675,,-0.052916995187041675,0.04925889229107718,-0.0006121087550314194,Early Recovery
2015-12-27,-0.16490102270739784,,,0.00018797237632783295,-0.01759898815345398,-0.18231203848452399,-0.1293950432974823,-0.1786539355885595,Early Recovery
2015-12-31,-0.17835471249893525,-0.05325560262012168,0.016586087835083085,-0.0769534708578648,-0.051318209849792455,-0.3432959079916311,-0.16098386950710714,-0.03158882620962483,Early Recovery
2016-01-01,,,-0.0326826210190262,,0.08137433549828076,0.04869171447925456,0.3919876224708857,0.5529714919779929,Expansion
2016-01-02,,,,,-0.04120891213354885,-0.04120891213354885,-0.0899006266128034,-0.4818882490836891,Early Recovery
2016-01-30,,,,-0.09920097933064365,,-0.09920097933064365,-0.05799206719709479,0.03190855941570861,Early Recovery
2016-01-31,-0.22148833388215455,,,-0.04109377735146383,0.011266034097600209,-0.2513160771360182,-0.15211509780537458,-0.09412303060827978,Early Recovery
2016-03-03,,,-0.18730835251847577,,,-0.18730835251847577,0.06400772461754245,0.21612282242291703,Early Recovery
2016-03-25,-0.07350037295752554,,,,,-0.07350037295752554,0.11380797956095023,0.049800254943407785,Early Recovery
2016-03-26,,,,-0.17944843258105272,,-0.17944843258105272,-0.10594805962352719,-0.21975603918447742,Early Recovery
2016-03-27,-0.16985401113082077,,,0.03318279705413029,-0.03905052901514205,-0.17572174309183253,0.0037266894892201974,0.10967474911274738,Early Recovery
2016-03-31,-0.1381620294027064,-0.04464196463105591,-0.019241326795701796,-0.0691506867625134,-0.037343908036686586,-0.30853991562866406,-0.13281817253683154,-0.13654486202605173,Early Recovery
2016-04-01,,,-0.044137300664818774,-0.10579542488806798,0.048990338936106236,-0.10094238661678051,0.20759752901188355,0.3404157015487151,Early Recovery
2016-04-02,,-0.05128563487135536,,-0.04524424089496469,-0.040137950604804566,-0.13666782637112462,-0.03572543975434411,-0.24332296876622767,Early Recovery
2016-04-03,-0.07862556232044524,,,,,-0.07862556232044524,0.05804226405067939,0.0937677038050235,Early Recovery
2016-04-30,,,,-0.040684599731652345,-0.02642616813023599,-0.06711076786188833,0.01151479445855691,-0.04652746959212248,Early Recovery
2016-05-01,-0.0980249921991911,,,-0.043949833766631224,,-0.14197482596582234,-0.07486405810393401,-0.08637885256249092,Early Recovery
2016-06-02,,,-0.16879668467185133,,,-0.16879668467185133,-0.02682185870602899,0.04804219939790502,Early Recovery
2016-06-24,0.03341717049256776,,,,,0.03341717049256776,0.2022138551644191,0.22903571387044808,Expansion
2016-06-25,,,,-0.06568732130698982,,-0.06568732130698982,-0.09910449179955758,-0.30131834696397664,Early Recovery
2016-06-26,-0.048323814221715174,,,0.04734719799783685,-0.06481716100816552,-0.06579377723204385,-0.00010645592505403867,0.09899803587450354,Early Recovery
2016-06-30,-0.0374668551178578,-0.005233743201803825,-0.06594150546115737,0.025923724311585624,-0.00899749074231624,-0.09171587021154962,-0.025922092979505762,-0.025815637054451723,Early Recovery
2016-07-01,,,0.012679493549578914,-0.07603688879173566,0.051251309740295584,-0.012106085501861166,0.07960978470968845,0.10553187768919421,Early Recovery
2016-07-02,,-0.023502997268969848,,-0.009412453489263672,0.009472330194772711,-0.023443120563460804,-0.011337035061599637,-0.09094681977128809,Early Recovery
2016-07-03,-0.051282608340233675,,,,,-0.051282608340233675,-0.02783948777677287,-0.016502452715173234,Early Recovery
2016-07-30,,,,0.13207727673191452,,0.13207727673191452,0.1833598850721482,0.21119937284892107,Expansion
2016-07-31,0.11329334337129973,,,0.010426507072330405,0.06246734714402712,0.18618719758765725,0.05410992085574273,-0.12924996421640547,Expansion
2016-09-01,,,-0.06911392873222015,,,-0.06911392873222015,-0.2553011263198774,-0.3094110471756201,Early Recovery
2016-09-23,0.07902648181963057,,,,,0.07902648181963057,0.14814041055185073,0.4034415368717281,Expansion
2016-09-24,,,,-0.05658851115274432,,-0.05658851115274432,-0.1356149929723749,-0.2837554035242256,Early Recovery
2016-09-25,0.08570525946842385,,,0.02227619307848043,-0.0389949143671438,0.06898653817976047,0.1255750493325048,0.2611900423048797,Expansion
2016-09-30,0.025764979250325195,0.05036101458076387,0.06115831406328811,0.0326022413561995,0.01489213365798775,0.18477868290856442,0.11579214472880395,-0.009782904603700848,Expansion
2016-10-01,,-0.03867044674727518,,0.09708292683774777,0.02454865903706891,0.0829611391275415,-0.10181754378102292,-0.21760968850982687,Expansion
2016-10-02,-0.13431408648687504,,,,,-0.13431408648687504,-0.21727522561441653,-0.11545768183339361,Early Recovery
2016-10-29,,,,0.14632244741181943,,0.14632244741181943,0.2806365338986945,0.497911759513111,Expansion
2016-10-30,0.16045580006330762,,,0.12340097489152123,,0.28385677495482886,0.13753432754300943,-0.14310220635568505,Expansion
2016-10-31,,,,-0.007244861020796568,0.10003923727011102,0.09279437624931446,-0.1910623987055144,-0.3285967262485238,Expansion
2016-12-01,,,0.025450637022648763,,,0.025450637022648763,-0.0673437392266657,0.12371865947884869,Early Recovery
2016-12-25,0.11773404946265797,,,-0.08546105920239314,-0.044803680507243177,-0.012530690246978338,-0.0379813272696271,0.0293624119570386,Early Recovery
2016-12-30,0.10841187589436956,,0.046536439127778106,,0.09257586160227017,0.24752417662441784,0.2600548668713962,0.2980361941410233,Expansion
2016-12-31,0.044852681753788474,0.007835191275544214,0.0330003596789126,0.02357324399510649,-0.028053716843785777,0.08120775985956599,-0.16631641676485184,-0.426371283636248,Expansion
2017-01-28,,,,-0.005127944292117964,,-0.005127944292117964,-0.08633570415168396,0.07998071261316789,Early Recovery
2017-01-29,0.14258872452304278,,,0.07819192222765431,,0.22078064675069708,0.22590859104281505,0.31224429519449903,Expansion
2017-01-31,,,,-0.03903696720676775,0.05331782337713436,0.014280856170366611,-0.20649979058033047,-0.43240838162314554,Early Recovery
2017-03-02,,,0.1668808296314902,,,0.1668808296314902,0.15259997346112358,0.35909976404145405,Expansion
2017-03-26,0.1951784488911009,,,-0.1553828058469483,-0.019578880796245347,0.020216762247907243,-0.14666406738358295,-0.29926404084470654,Early Recovery
2017-03-31,0.09640979280217679,-0.020265021276747102,-0.006244971739780831,0.04423478177316977,-0.006847977047079352,0.10728660451173927,0.08706984226383202,0.23373390964741497,Expansion
2017-04-01,,0.03793424236704325,,-0.08683798234778593,-0.0661188622869336,-0.11502260226767629,-0.22230920677941557,-0.3093790490432476,Early Recovery
2017-04-02,0.13020949279373803,,,,,0.13020949279373803,0.2452320950614143,0.46754130184082987,Expansion
2017-04-29,,,,-0.13421478266733297,,-0.13421478266733297,-0.264424275461071,-0.5096563705224852,Early Recovery
2017-04-30,0.10642391142635561,,,-0.004779179310828765,-0.012246844904442156,0.0893978872110847,0.22361266987841766,0.48803694533948866,Expansion
2017-06-01,,,0.2906600657966948,,,0.2906600657966948,0.20126217858561007,-0.022350491292807584,Expansion
2017-06-25,0.18956739236786999,,,-0.12803482541352015,-0.033230984977257315,0.028301581977092517,-0.26235848381960225,-0.4636206624052123,Expansion
2017-06-30,0.11487175132081673,-0.04575259156270745,0.00173915507329922,0.0679591091582765,0.018892839885266157,0.15771026387495116,0.12940868189785865,0.3917671657174609,Expansion
2017-07-01,,0.09018111176326478,,-0.0007425001160655032,-0.04044717561860753,0.04899143602859175,-0.1087188278463594,-0.23812750974421804,Expansion
2017-07-02,0.179132743621676,,,,,0.179132743621676,0.13014130759308423,0.23886013543944362,Expansion
2017-07-29,,,,-0.07009334732412657,,-0.07009334732412657,-0.24922609094580256,-0.3793673985388868,Early Recovery
2017-07-30,0.14522457550043616,,,0.06630630627371221,,0.21153088177414836,0.28162422909827495,0.5308503200440775,Expansion
2017-07-31,,,,0.058829591717080965,0.015913717940488802,0.07474330965756977,-0.1367875721165786,-0.41841180121485355,Expansion
2017-08-31,,,0.3949999325068472,,,0.3949999325068472,0.3202566228492774,0.457044194965856,Expansion
2017-09-24,0.17605892287849867,,,-0.07537252175657153,-0.021190992847762047,0.0794954082741651,-0.31550452423268205,-0.6357611470819595,Expansion
2017-09-29,-0.056195082016436165,,0.1375652230768397,-0.027111673627322676,0.10587767850266108,0.16013614593574194,0.08064073766157684,0.3961452618942589,Expansion
2017-09-30,0.12374838174333916,-0.00823788530748723,0.020270774611177475,0.06784816947474336,0.009137650858392932,0.21276709138016572,0.05263094544442379,-0.02800979221715305,Expansion
2017-10-01,0.07907851757916153,,,,,0.07907851757916153,-0.13368857380100418,-0.18631951924542797,Expansion
2017-10-28,,,,0.029939996353744003,,0.029939996353744003,-0.04913852122541752,0.08455005257558666,Expansion
2017-10-29,0.14238223571660782,,,0.13267664472010665,,0.27505888043671445,0.24511888408297045,0.29425740530838795,Expansion
2017-10-31,,,,0.06700507664588962,0.031986499917735355,0.09899157656362498,-0.17606730387308947,-0.4211861879560599,Expansion
2017-11-30,,,0.4214965120586504,,,0.4214965120586504,0.32250493549502546,0.4985722393681149,Peak
2017-12-24,0.18047192193777176,,,-0.11169076751006841,-0.03909683056903987,0.029684323858663472,-0.3918121881999869,-0.7143171236950123,Expansion
2017-12-29,-0.05489376597128399,,0.16621812610188058,,0.08558712202299794,0.19691148215359455,0.16722715829493107,0.5590393464949179,Expansion
2017-12-30,,,,0.06020379580906898,0.003701580241346286,0.06390537605041527,-0.13300610610317928,-0.3002332643981104,Expansion
2017-12-31,0.12886373320666328,-0.014323861939851051,0.0018306266597940962,0.032821708047992136,-0.01311320151464207,0.13607900445995638,0.07217362840954111,0.2051797345127204,Expansion
2018-01-28,0.18142184159320612,,,0.15149423424642944,,0.33291607583963556,0.19683707137967918,0.12466344297013807,Expansion
2018-01-31,,,,0.051264691095901954,-0.007683364452230815,0.04358132664367114,-0.2893347491959644,-0.48617182057564357,Expansion
2018-02-03,,,,0.0432911555730563,,0.0432911555730563,-0.00029017107061483915,0.28904457812534956,Expansion
2018-03-01,,,0.4448032030844079,,,0.4448032030844079,0.4015120475113516,0.40180221858196646,Peak
2018-03-25,0.23034719909958587,,,-0.11677088210718414,-0.02205698337340649,0.09151933361899524,-0.3532838694654127,-0.7547959169767643,Expansion
2018-03-30,-0.06572128028076232,,0.15384665576143294,-0.03761869426971242,0.05382267710942532,0.10432935832038352,0.012810024701388284,0.36609389416680094,Expansion
2018-03-31,0.16838107054510143,-0.003690321244346214,-0.09391545103091738,0.022033317233000668,-0.037730008018020816,0.0550786074848177,-0.04925075083556582,-0.062060775536954105,Expansion
2018-04-01,0.00034441072456483924,,,,,0.00034441072456483924,-0.05473419676025286,-0.005483445924687039,Early Recovery
2018-04-29,0.1588843297182338,,,0.13593297432453674,,0.2948173040427705,0.2944728933182057,0.34920709007845857,Expansion
2018-04-30,,,,0.050574763276224594,-0.03678105277437195,0.013793710501852643,-0.2810235935409179,-0.5754964868591236,Early Recovery
2018-05-05,,,,0.03829894588683104,,0.03829894588683104,0.024505235384978397,0.3055288289258963,Expansion
2018-05-06,,,,-0.06024952453582384,,-0.06024952453582384,-0.09854847042265488,-0.12305370580763328,Early Recovery
2018-05-31,,,0.4577755969111793,,,0.4577755969111793,0.5180251214470032,0.6165735918696581,Peak
2018-06-24,0.10004150097884985,,,-0.12253926328619438,-0.014123274068667716,-0.036621036376012245,-0.4943966332871915,-1.0124217547341947,Early Recovery
2018-06-29,-0.13982287808749969,,0.13102848231395997,0.005268339686523514,0.059206587171875096,0.055680531084858896,0.09230156746087115,0.5866982007480627,Expansion
2018-06-30,0.18477084584631448,0.03597338101648267,-0.1974793976879336,0.09864850538677829,-0.011316383912494336,0.11059695064914751,0.05491641956428862,-0.03738514789658253,Expansion
2018-07-01,0.09160271880522536,,,,,0.09160271880522536,-0.018994231843922155,-0.07391065140821076,Expansion
2018-07-29,0.026451311750795053,,,0.1337636083832257,,0.16021492013402075,0.06861220132879539,0.08760643317271755,Expansion
2018-07-31,,,,0.06231852643388186,-0.03442689617095863,0.027891630262923232,-0.1323232898710975,-0.2009354911998929,Expansion
2018-08-04,,,,0.07591290854615301,,0.07591290854615301,0.04802127828322978,0.18034456815432728,Expansion
2018-08-05,,,,-0.015309441741930947,,-0.015309441741930947,-0.09122235028808395,-0.13924362857131373,Early Recovery
2018-08-30,,,0.45759851551827346,,,0.45759851551827346,0.4729079572602044,0.5641303075482884,Peak
2018-09-23,0.015734749403627613,,,,-0.0038564040164954677,0.011878345387132146,-0.4457201701311413,-0.9186281273913457,Early Recovery
2018-09-28,-0.1840727242801475,,0.03528122480883699,0.01431304921299091,0.0871529988999668,-0.04732545135835281,-0.059203796745484955,0.38651637338565636,Early Recovery
2018-09-29,,0.19499066346724403,,0.08116311363626179,0.011194582096268649,0.2873483591997745,0.3346738105581273,0.3938776073036122,Expansion
2018-09-30,0.1386469185783921,0.06450937213693704,-0.04767348741688825,0.026364267757595417,0.005181867218162445,0.18702893827419875,-0.10031942092557572,-0.434993231483703,Expansion
2018-10-28,-0.11391317694348731,,,-0.05061791584517712,,-0.16453109278866443,-0.35156003106286315,-0.25124061013728743,Early Recovery
2018-10-31,,,,-0.03398545859469281,-0.03891799278994266,-0.07290345138463547,0.09162764140402896,0.4431876724668921,Early Recovery
2018-11-03,,,,0.059294662642587787,,0.059294662642587787,0.13219811402722326,0.0405704726231943,Expansion
2018-11-04,,,,0.027679589020449882,,0.027679589020449882,-0.031615073622137904,-0.16381318764936115,Expansion
2018-11-29,,,0.33006107246487326,,,0.33006107246487326,0.3023814834444234,0.3339965570665613,Expansion
2018-12-23,-0.06595795571765556,,,,,-0.06595795571765556,-0.3960190281825288,-0.6984005116269523,Early Recovery
2018-12-28,-0.10069950487870287,,-0.11852676930884994,,0.05917019487499773,-0.16005607931255508,-0.09409812359489952,0.3019209045876293,Early Recovery
2018-12-29,,,,-0.00608755230833118,-0.010925425642466294,-0.017012977950797474,0.1430431013617576,0.23714122495665713,Early Recovery
2018-12-30,,,,-0.204883155641984,-0.022510600418409518,-0.22739375606039353,-0.21038077810959604,-0.3534238794713537,Early Recovery
2018-12-31,0.01740858240591877,-0.00025644155574167896,0.003050912725084079,0.004013053372384965,-0.019374364672952556,0.00484174227469358,0.2322354983350871,0.44261627644468315,Early Recovery
2019-01-27,-0.19819909134023891,,,-0.2043134290655098,,-0.4025125204057487,-0.4073542626804423,-0.6395897610155294,Downturn
2019-01-31,,,,-0.05023390050937226,-0.06489693222181744,-0.11513083273118971,0.28738168767455896,0.6947359503550012,Early Recovery
2019-02-02,,,,0.0377483089515968,,0.0377483089515968,0.15287914168278652,-0.13450254599177244,Expansion
2019-02-03,,,,-0.011698447403832697,,-0.011698447403832697,-0.0494467563554295,-0.20232589803821602,Early Recovery
2019-02-28,,,0.07765822810565559,,,0.07765822810565559,0.08935667550948828,0.13880343186491778,Expansion
2019-03-29,-0.01963436969532009,,-0.15795693922120302,-0.1039096223321626,-0.03570722501693844,-0.31720815626562415,-0.39486638437127974,-0.484223059880768,Early Recovery
2019-03-30,,-0.04115787030885137,,-0.056723899645182256,-0.048880691157687145,-0.14676246111172075,0.1704456951539034,0.5653120795251831,Early Recovery
2019-03-31,-0.08748289833498817,-0.11980609469310864,-0.05289327238039035,-0.009751687716711496,-0.03472223911164917,-0.3046561922368478,-0.15789373112512706,-0.32833942627903046,Early Recovery
2019-04-28,-0.192239896122437,,,-0.18517528871176664,,-0.37741518483420367,-0.07275899259735585,0.0851347385277712,Downturn
2019-04-30,,,,-0.0765435527751123,-0.05577372425294515,-0.13231727702805746,0.2450979078061462,0.31785690040350206,Early Recovery
2019-05-04,,,,0.031871991635175775,,0.031871991635175775,0.16418926866323325,-0.08090863914291296,Expansion
2019-05-05,,,,-0.07358632418976233,,-0.07358632418976233,-0.1054583158249381,-0.26964758448817133,Early Recovery
2019-05-30,,,-0.12361813346361428,,,-0.12361813346361428,-0.05003180927385195,0.05542650655108615,Early Recovery
2019-06-28,-0.05377353476826431,,-0.07704792982439301,-0.10248147960755688,-0.05946545908989738,-0.29276840329011156,-0.16915026982649728,-0.11911846055264533,Early Recovery
2019-06-29,,-0.11498042812811027,,0.015978811822661143,-0.03588045156185309,-0.13488206786730222,0.15788633542280933,0.3270366052493066,Early Recovery
2019-06-30,-0.12217867477458846,-0.14507760951657533,-0.10245328583995317,0.06314911671812168,-0.021199956303230422,-0.32776040971622566,-0.19287834184892344,-0.35076467727173277,Early Recovery
2019-07-28,-0.15718364226697154,,,0.044235937181521016,,-0.11294770508545052,0.21481270463077515,0.40769104647969856,Early Recovery
2019-07-31,,,,-0.0011583626910721262,-0.03461399602626899,-0.035772358717341114,0.07717534636810941,-0.13763735826266574,Early Recovery
2019-08-03,,,,0.023352029075036824,,0.023352029075036824,0.05912438779237794,-0.01805095857573147,Early Recovery
2019-08-04,,,,-0.060888748746317424,,-0.060888748746317424,-0.08424077782135425,-0.1433651656137322,Early Recovery
2019-08-29,,,-0.15374464051451686,,,-0.15374464051451686,-0.09285589176819944,-0.008615113946845193,Early Recovery
2019-09-27,-0.008620443102746267,,,-0.06777416776696364,-0.005893483632773269,-0.08228809450248317,0.07145654601203369,0.16431243778023313,Early Recovery
2019-09-28,,-0.1323779107085858,,0.12305025311146489,0.01410563951605342,0.004777981918932523,0.0870660764214157,0.01560953040938201,Early Recovery
2019-09-29,0.10436082569853786,,,0.037675998497357546,-0.028669177089802822,0.1133676471060926,0.10858966518716007,0.021523588765744367,Expansion
2019-09-30,-0.05262781990438986,-0.03406873407007619,0.042787357526794134,0.0659683262089613,0.021437386733000593,0.04349651649428998,-0.06987113061180261,-0.17846079579896268,Expansion
2019-10-04,,,-0.011927783601030039,,,-0.011927783601030039,-0.055424300095320025,0.014446830516482587,Early Recovery
2019-10-27,-0.014474865311466334,,,0.13347469089159034,,0.11899982558012401,0.13092760918115404,0.18635190927647405,Expansion
2019-10-31,,,,-0.001400214820652182,-0.04373778995818482,-0.045138004778837004,-0.164137830358961,-0.29506543954011505,Early Recovery
2019-11-02,,,,-0.04131595931518042,,-0.04131595931518042,0.0038220454636565815,0.1679598758226176,Early Recovery
2019-11-03,,,,-0.039208122115869166,,-0.039208122115869166,0.0021078371993112563,-0.0017142082643453252,Early Recovery
2019-11-28,,,-0.16340622639480826,,,-0.16340622639480826,-0.1241981042789391,-0.12630594147825036,Early Recovery
2019-12-27,0.038702763942999645,,,,0.023827061649635932,0.06252982559263558,0.22593605198744382,0.3501341562663829,Expansion
2019-12-28,,,,0.10945608121283575,0.006694340625333789,0.11615042183816954,0.05362059624553396,-0.17231545574190987,Expansion
2019-12-29,0.08424258732083297,,,-0.11642700164818434,-0.04274584011042207,-0.07493025443777344,-0.191080676275943,-0.24470127252147694,Early Recovery
2019-12-31,0.012297567636265284,-0.03888808386811288,0.13724860266535233,-0.0358664937160109,0.010518902970646461,0.0853104956881403,0.16024075012591374,0.3513214264018567,Expansion
2020-01-03,,,-0.01954131743448198,,,-0.01954131743448198,-0.10485181312262228,-0.26509256324853603,Early Recovery
2020-01-26,-0.01900775090742989,,,0.10751107182778977,,0.08850332092035988,0.10804463835484186,0.21289645147746414,Expansion
2020-01-31,,,,-0.035743244654051716,-0.06874957676156633,-0.10449282141561805,-0.19299614233597795,-0.3010407806908198,Early Recovery
2020-02-01,,,,-0.06256998168085465,,-0.06256998168085465,0.041922839734763406,0.23491898207074136,Early Recovery
2020-02-02,,,,-0.05363276255978089,,-0.05363276255978089,0.008937219121073758,-0.03298562061368965,Early Recovery
2020-02-27,,,-0.1439075452957956,,,-0.1439075452957956,-0.09027478273601472,-0.09921200185708848,Early Recovery
2020-03-27,0.07832869831177577,,,,-0.0468964295096186,0.03143226880215717,0.1753398140979528,0.2656145968339675,Expansion
2020-03-28,,,,0.039727284319411055,-0.021006859131836763,0.018720425187574292,-0.012711843614582882,-0.18805165771253568,Early Recovery
2020-03-29,0.1495819820276359,,,-0.11913265268073757,-0.04067540795933296,-0.01022607861243463,-0.028946503800008922,-0.01623466018542604,Early Recovery
2020-03-31,-0.021452887686333636,-0.0468935227378884,0.22209661999678076,-0.04402772901712318,-0.025912410835561964,0.08381006971987358,0.09403614833230821,0.12298265213231713,Expansion
2020-04-03,,,-0.04691574920053919,-0.17722529745006463,,-0.2241410466506038,-0.3079511163704774,-0.4019872647027856,Early Recovery
2020-04-04,,-0.12050076184593522,,,,-0.12050076184593522,0.10364028480466858,0.411591401175146,Early Recovery
2020-04-26,-0.02243148603747525,,,0.07017316690393838,,0.04774168086646313,0.16824244271239835,0.06460215790772977,Expansion
2020-04-30,,,,-0.037087686054615786,-0.07108543774585659,-0.10817312380047236,-0.1559148046669355,-0.3241572473793338,Early Recovery
2020-05-02,,,,0.0001679525747730658,,0.0001679525747730658,0.10834107637524543,0.2642558810421809,Early Recovery
2020-05-03,,,,-0.0741177028363852,,-0.0741177028363852,-0.07428565541115827,-0.1826267317864037,Early Recovery
2020-05-28,,,-0.07972858668129455,,,-0.07972858668129455,-0.005610883844909348,0.06867477156624892,Early Recovery
2020-06-26,0.07870720971039367,,,,-0.064912114628596,0.013795095081797673,0.09352368176309223,0.09913456560800157,Early Recovery
2020-06-27,,,,0.008613559335290968,0.005615138866412689,0.014228698201703659,0.0004336031199059856,-0.09309007864318625,Early Recovery
2020-06-28,0.13670959439983446,,,-0.037538948564574674,-0.029986194309017916,0.06918445152624186,0.054955753324538205,0.05452215020463222,Expansion
2020-06-30,-0.049839190561080306,-0.048799875417309006,0.26080836065547663,0.06698020661450334,-0.0247690474454776,0.20438045384611309,0.13519600231987122,0.08024024899533302,Expansion
2020-07-03,,,-0.10622415179530058,-0.17662465025721957,,-0.28284880205252017,-0.48722925589863325,-0.6224252582185045,Early Recovery
2020-07-04,,-0.07652611121031763,,,,-0.07652611121031763,0.20632269084220253,0.6935519467408358,Early Recovery
2020-07-26,-0.007782799163802533,,,0.1019774846674745,,0.09419468550367197,0.1707207967139896,-0.035601894128212935,Expansion
2020-07-31,,,,-0.017047401482367712,-0.028312065912298318,-0.04535946739466603,-0.139554152898338,-0.3102749496123276,Early Recovery
2020-08-01,,,,0.07620263581945669,,0.07620263581945669,0.12156210321412272,0.2611162561124607,Expansion
2020-08-02,,,,-0.018833464238221433,,-0.018833464238221433,-0.09503610005767812,-0.21659820327180085,Early Recovery
2020-09-03,,,-0.06648335640929635,,,-0.06648335640929635,-0.04764989217107492,0.04738620788660321,Early Recovery
2020-09-25,0.07563024006510216,,,,,0.07563024006510216,0.14211359647439853,0.18976348864547343,Expansion
2020-09-26,,,,0.06713587855272472,,0.06713587855272472,-0.008494361512377438,-0.15060795798677595,Expansion
2020-09-27,0.15999995042309464,,,0.09028995218144707,-0.04321611013343773,0.20707379247110397,0.13993791391837923,0.14843227543075665,Expansion
2020-09-30,0.015226818320376517,-0.009646603348985221,0.29811531560619936,0.15310870662006082,0.011234234210743604,0.46803847140839505,0.2609646789372911,0.12102676501891185,Peak
2020-10-02,,,-0.10426678891140553,-0.07922981074896396,0.042945233275136746,-0.14055136638523275,-0.6085898377936279,-0.8695545167309189,Early Recovery
2020-10-03,,-0.019862780016351403,,,0.09066129963328713,0.07079851961693573,0.21134988600216847,0.8199397237957964,Expansion
2020-10-25,0.10542234429794553,,,0.11243299613127414,,0.21785534042921967,0.14705682081228394,-0.06429306518988454,Expansion
2020-10-31,,,,0.053903777193629154,-0.007794543493348533,0.046109233700280625,-0.17174610672893903,-0.31880292754122297,Expansion
2020-11-01,,,,0.04277369889721572,,0.04277369889721572,-0.0033355348030649073,0.1684105719258741,Expansion
2020-12-03,,,-0.1256496883466834,,,-0.1256496883466834,-0.16842338724389913,-0.16508785244083424,Early Recovery
2020-12-25,0.10559826434698222,,,,,0.10559826434698222,0.23124795269366563,0.39967133993756476,Expansion
2020-12-26,,,,0.0845303869791518,,0.0845303869791518,-0.021067877367830418,-0.25231583006149605,Expansion
2020-12-27,0.18774904535908352,,,0.11925050674321816,-0.05631986859290381,0.25067968350939784,0.16614929653024604,0.18721717389807646,Expansion
2020-12-31,0.07928402001133576,0.0023552654374813064,0.2160846981624822,0.10230418799517699,0.028638535860839212,0.42866670746731544,0.1779870239579176,0.011837727427671557,Peak
2021-01-01,,,-0.08405408921428179,,0.09004772269300682,0.00599363347872503,-0.42267307398859044,-0.600660097946508,Early Recovery
2021-01-02,,,,,0.14118641125414041,0.14118641125414041,0.13519277777541538,0.5578658517640058,Expansion
2021-01-30,,,,0.06352911023267817,,0.06352911023267817,-0.07765730102146225,-0.21285007879687762,Expansion
2021-01-31,0.14733387703060177,,,0.05703550136926982,0.006191028361710987,0.21056040676158258,0.1470312965289044,0.22468859755036663,Expansion
2021-03-04,,,-0.044636030647022824,,,-0.044636030647022824,-0.2551964374086054,-0.4022277339375098,Early Recovery
2021-03-26,0.142440453038396,,,,,0.142440453038396,0.18707648368541882,0.4422729210940243,Expansion
2021-03-27,,,,0.08692340329564231,,0.08692340329564231,-0.05551704974275369,-0.24259353342817253,Expansion
2021-03-28,0.17080056557002463,,,-0.04679391211733196,-0.05226993150164603,0.07173672195104663,-0.015186681344595679,0.04033036839815801,Expansion
2021-03-31,0.12050653111337938,-0.0042547849554279505,0.20593309312781274,0.18686162989793947,0.03190694731715919,0.5409534165008627,0.46921669454981607,0.48440337589441174,Peak
2021-04-02,,,0.00573739996475775,-0.009362520136791688,0.046347533312191165,0.04272241314015723,-0.49823100336070547,-0.9674476979105215,Expansion
2021-04-03,,0.15428481747388742,,,0.12523976691763342,0.27952458439152084,0.2368021712513636,0.7350331746120691,Expansion
2021-04-04,0.2478305290372458,,,0.07683215895896892,,0.3246626879962147,0.04513810360469389,-0.1916640676466697,Expansion
2021-04-30,,,,,-0.0051463638612974216,-0.0051463638612974216,-0.32980905185751214,-0.374947155462206,Early Recovery
2021-05-01,,,,0.03614617087941293,,0.03614617087941293,0.04129253474071035,0.3711015865982225,Expansion
2021-05-02,0.2643106958978624,,,0.09335218164770238,,0.35766287754556475,0.32151670666615184,0.28022417192544147,Expansion
2021-06-03,,,0.18161427724579854,,,0.18161427724579854,-0.1760486002997662,-0.49756530696591805,Expansion
2021-06-25,0.1333952377578442,,,,,0.1333952377578442,-0.048219039487954335,0.12782956081181188,Expansion
2021-06-26,,,,0.08509464321902686,,0.08509464321902686,-0.04830059453881734,-8.15550508630053e-05,Expansion
2021-06-27,0.1752279621574391,,,0.014390523063194658,-0.030524873107404923,0.15909361211322884,0.07399896889420197,0.12229956343301931,Expansion
2021-06-30,0.1674367262680913,0.04025318198836843,0.1257620476574805,0.1775448363662928,0.06470901816629684,0.5757058104465298,0.416612198333301,0.342613229439099,Peak
2021-07-02,,,0.05044830958157416,0.04664821670646475,-0.008956370951146089,0.08814015533689283,-0.48756565510963695,-0.9041778534429379,Expansion
2021-07-03,,0.13478666703175388,,,0.1441859229929392,0.2789725900246931,0.19083243468780026,0.6783980897974372,Expansion
2021-07-04,0.288734399399314,,,0.10926719518871847,,0.39800159458803247,0.11902900456333937,-0.07180343012446089,Expansion
2021-07-31,,,,0.008174652417326303,-0.0006550792283424964,0.007519573188983807,-0.39048202139904864,-0.5095110259623881,Early Recovery
2021-08-01,0.31716497106396574,,,0.1305538916527622,,0.44771886271672795,0.4401992895277441,0.8306813109267928,Peak
2021-09-02,,,0.2520834033198549,,,0.2520834033198549,-0.19563545939687305,-0.6358347489246172,Expansion
2021-09-24,0.09276436648389834,,,,,0.09276436648389834,-0.15931903683595655,0.036316422560916495,Expansion
2021-09-25,,,,0.131116930542002,,0.131116930542002,0.03835256405810365,0.19767160089406022,Expansion
2021-09-26,0.14075627987993747,,,0.10984689524516089,-0.032367639914397804,0.21823553521070052,0.08711860466869853,0.04876604061059488,Expansion
2021-09-30,0.22862366726130165,0.05923000527897135,0.17167620034762382,0.17135330341379004,0.09133872050997363,0.7222218968116605,0.50398636160096,0.41686775693226147,Peak
2021-10-01,,,0.08364137403300262,0.13115987860876305,0.03437058812757121,0.24917184076933688,-0.47305005604232364,-0.9770364176432836,Expansion
2021-10-02,,0.0429478023671511,,,0.13127665633424662,0.17422445870139772,-0.07494738206793916,0.3981026739743845,Expansion
2021-10-03,0.25054597935223066,,,0.15794904315514274,,0.4084950225073734,0.2342705638059757,0.3092179458739148,Peak
2021-10-30,,,,-0.03270971898709649,,-0.03270971898709649,-0.44120474149446987,-0.6754753053004455,Early Recovery
2021-10-31,0.2941246066118855,,,0.15350897322434248,-0.003756725390002019,0.44387685444622593,0.47658657343332245,0.9177913149277923,Peak
2021-12-02,,,0.18608495312159024,,,0.18608495312159024,-0.2577919013246357,-0.7343784747579581,Expansion
2021-12-25,,,,0.10473529627934344,,0.10473529627934344,-0.08134965684224679,0.1764422444823889,Expansion
2021-12-26,0.03446391818745987,,,0.14788656739592493,-0.023809274414274557,0.15854121116911024,0.0538059148897668,0.1351555717320136,Expansion
2021-12-31,0.15966711004552114,0.058441614422961696,0.04499797761653445,0.17719895318436069,0.07878398449915705,0.5190896397685351,0.3605484285994248,0.306742513709658,Peak
2022-01-01,,,,,0.09073408434293714,0.09073408434293714,-0.4283555554255979,-0.7889039840250227,Expansion
2022-01-29,,,,-0.038208528137994476,,-0.038208528137994476,-0.1289426124809316,0.29941294294466625,Early Recovery
2022-01-30,0.19308597805221797,,,0.1665929718588251,,0.3596789499110431,0.39788747804903757,0.5268300905299692,Expansion
2022-01-31,,,,,0.0014042460373120485,0.0014042460373120485,-0.35827470387373106,-0.7561621819227686,Early Recovery
2022-03-03,,,0.18967080827262728,,,0.18967080827262728,0.18826656223531524,0.5465412661090463,Expansion
2022-03-26,,,,0.22128705492423847,,0.22128705492423847,0.031616246651611196,-0.15665031558370404,Expansion
2022-03-27,0.007230874645116469,,,0.0853508404405471,-0.0003639798404947027,0.09221773524516887,-0.1290693196790696,-0.1606855663306808,Expansion
2022-03-31,0.13545865135907642,0.09120206673269278,0.2372907902633738,0.17349304467919005,0.10065503733369262,0.7380995903680256,0.6458818551228568,0.7749511748019264,Peak
2022-04-01,-0.05883990005263644,,-0.08288185856276066,0.2675284092026912,-0.017015958563798866,0.10879069202349526,-0.6293088983445304,-1.2751907534673872,Expansion
2022-04-02,,0.08364634639872368,,-0.18328649814098724,-0.013655392484682744,-0.11329554422694631,-0.22208623625044155,0.40722266209408886,Early Recovery
2022-04-03,0.13516778700425114,,,0.17097880985793085,,0.306146596862182,0.4194421410891283,0.6415283773395699,Expansion
2022-04-30,,,,-0.0006974405674629231,-0.010175852897287644,-0.010873293464750567,-0.31701989032693256,-0.7364620314160608,Early Recovery
2022-05-01,0.14723147580303422,,,0.08911752803273687,,0.2363490038357711,0.24722229730052167,0.5642421876274543,Expansion
2022-06-02,,,0.13841899160059815,,,0.13841899160059815,-0.09793001223517295,-0.34515230953569465,Expansion
2022-06-25,,,,0.09026819051115843,,0.09026819051115843,-0.04815080108943971,0.049779211145733235,Expansion
2022-06-26,0.061013384787271245,,,0.030658648964816744,0.005698798075357317,0.09737083182744531,0.0071026413162868784,0.05525344240572659,Expansion
2022-06-30,0.17531178899381203,0.14463616759125447,0.1676836165055814,0.17970463785234297,0.11044278480278036,0.7777789957457711,0.6804081639183258,0.6733055226020389,Peak
2022-07-01,-0.09768485947434397,,-0.18488337523232976,0.24965344945332402,-0.03694922453250705,-0.06986400978585672,-0.8476430055316279,-1.5280511694499537,Early Recovery
2022-07-02,,0.30895815597369375,,-0.3020678702806369,-0.023189703707826432,-0.016299418014769602,0.05356459177108712,0.9012075973027149,Early Recovery
2022-07-03,0.1739847707338609,,,0.18449240428421626,,0.3584771750180772,0.37477659303284677,0.32121200126175964,Expansion
2022-07-30,,,,0.017258381832265274,,0.017258381832265274,-0.34121879318581194,-0.7159953862186588,Early Recovery
2022-07-31,0.10202198739892675,,,-0.017654347258053826,-0.028926790801508385,0.05544084933936454,0.03818246750709926,0.3794012606929112,Expansion
2022-09-01,,,-0.0679389745451756,,,-0.0679389745451756,-0.12337982388454014,-0.1615622913916394,Early Recovery
2022-09-24,,,,0.0016118316596212769,,0.0016118316596212769,0.06955080620479688,0.19293063008933703,Early Recovery
2022-09-25,0.14112735439348,,,-0.07973766848953803,-0.03021643186451862,0.031173254039423358,0.029561422379802083,-0.0399893838249948,Expansion
2022-09-30,0.13851734793486892,0.1138426006602415,-0.06600199079277003,0.17223300127790397,0.0633962118871496,0.42198717096739397,0.39081391692797063,0.36125249454816855,Peak
2022-10-01,,0.2125193603166065,,-0.32630442869192755,-0.053197679199163364,-0.1669827475744844,-0.5889699185418784,-0.979783835469849,Early Recovery
2022-10-02,0.22426390452861264,,,0.17249841087006168,,0.39676231539867435,0.5637450629731587,1.1527149815150373,Expansion
2022-10-29,,,,-0.028787831248770848,,-0.028787831248770848,-0.42555014664744517,-0.9892952096206039,Early Recovery
2022-10-30,0.0845126705971356,,,-0.07902632707243257,,0.005486343524703036,0.03427417477347389,0.45982432142091906,Early Recovery
2022-10-31,,,,,-0.03181088505414786,-0.03181088505414786,-0.03729722857885089,-0.07157140335232479,Early Recovery
2022-12-01,,,-0.26942888946367083,,,-0.26942888946367083,-0.23761800440952296,-0.20032077583067207,Early Recovery
2022-12-25,-0.07736170206973682,,,-0.18559973320084622,-0.06757962738183464,-0.33054106265241767,-0.06111217318874684,0.17650583122077612,Early Recovery
2022-12-30,-0.24847898873341717,,-0.2542284675655553,,-0.04039232390160574,-0.5430997802005781,-0.21255871754816047,-0.15144654435941363,Downturn
2022-12-31,0.10654940571804454,0.08354926832370624,-0.007949790617015173,-0.027345052881118184,-0.0032963334755470187,0.1515074970680704,0.6946072772686486,0.907165994816809,Expansion
2023-01-28,,,,-0.05822656560937714,,-0.05822656560937714,-0.20973406267744754,-0.9043413399460961,Early Recovery
2023-01-29,0.057621252349362835,,,-0.018157101700208147,,0.03946415064915469,0.09769071625853183,0.30742477893597936,Expansion
2023-01-31,,,,,-0.09764180853187937,-0.09764180853187937,-0.13710595918103408,-0.2347966754395659,Early Recovery
2023-03-02,,,-0.25804146348244505,,,-0.25804146348244505,-0.16039965495056568,-0.023293695769531608,Early Recovery
2023-03-26,-0.29474853113893523,,,-0.2941296315674106,,-0.5888781627063459,-0.3308366992239008,-0.17043704427333511,Downturn
2023-03-31,0.0006633083131721728,-0.07786413027811143,-0.12718722501690274,0.07456368575267876,-0.030806296544801045,-0.1606306577739643,0.42824750493238156,0.7590842041562824,Early Recovery
2023-04-01,,0.10826873534166727,,-0.21167419080958538,-0.15835917699436763,-0.26176463246228576,-0.10113397468832147,-0.529381479620703,Early Recovery
2023-04-02,-0.0575061292750742,,,0.04789151090194017,,-0.009614618373134036,0.2521500140891517,0.3532839887774732,Early Recovery
2023-04-29,,,,-0.118610128627265,,-0.118610128627265,-0.10899551025413096,-0.3611455243432827,Early Recovery
2023-04-30,0.018137211566428495,,,0.09351763574294077,-0.11496924213988023,-0.0033143948305109777,0.11529573379675402,0.22429124405088496,Early Recovery
2023-06-01,,,-0.1982094713967471,,,-0.1982094713967471,-0.19489507656623611,-0.3101908103629901,Early Recovery
2023-06-25,-0.2617239687478008,,,-0.30789690335904774,-0.07230729233064011,-0.6419281644374887,-0.4437186930407416,-0.24882361647450546,Downturn
2023-06-30,-0.004865443179815098,-0.11491873001791378,-0.13458401808775372,0.08577169112063919,-0.02079982574705842,-0.1893963259119018,0.45253183852558687,0.8962505315663285,Early Recovery
2023-07-01,,0.11110908067819772,,-0.17517070615854946,-0.07984704070425826,-0.14390866618461,0.045487659727291796,-0.4070441787982951,Early Recovery
2023-07-02,-0.16530900778766056,,,0.06782487439621036,,-0.09748413339145019,0.04642453279315982,0.0009368730658680241,Early Recovery
2023-07-29,,,,-0.1776173131310562,,-0.1776173131310562,-0.080133179739606,-0.12655771253276582,Early Recovery
2023-07-30,0.04464982957176105,,,0.19800964439071983,,0.2426594739624809,0.4202767870935371,0.5004099668331431,Expansion
2023-07-31,,,,,-0.14737545686399509,-0.14737545686399509,-0.390034930826476,-0.8103117179200131,Early Recovery
2023-08-31,,,-0.1456466869789112,,,-0.1456466869789112,0.0017287698850838862,0.39176370071155986,Early Recovery
2023-09-24,-0.04907024887380584,,,-0.21435087769520683,-0.08232518533098539,-0.34574631189999805,-0.20009962492108685,-0.20182839480617074,Early Recovery
2023-09-29,-0.13816775881370405,,-0.20548821611041856,0.17621050495938276,-0.0891403231496929,-0.25658579311443275,0.0891605187855653,0.28926014370665215,Early Recovery
2023-09-30,0.0778969947960373,-0.10300392875930642,0.03500710589075049,-0.07435908988906804,-0.017313008120025737,-0.0817719260816124,0.17481386703282034,0.08565334824725504,Early Recovery
2023-10-01,-0.14451076655468983,,,0.09035951415623829,,-0.054151252398451546,0.02762067368316086,-0.14719319334965947,Early Recovery
2023-10-28,,,,-0.20107421631219813,,-0.20107421631219813,-0.1469229639137466,-0.17454363759690744,Early Recovery
2023-10-29,0.09181243475588612,,,0.23379747222728478,,0.3256099069831709,0.526684123295369,0.6736070872091156,Expansion
2023-10-31,,,,,-0.1267265403512636,-0.1267265403512636,-0.45233644733443445,-0.9790205706298034,Early Recovery
2023-11-30,,,-0.09761824992879399,,,-0.09761824992879399,0.02910829042246961,0.48144473775690405,Early Recovery
2023-12-24,0.01952341064905135,,,-0.1315168671099356,,-0.11199345646088425,-0.014375206532090262,-0.04348349695455987,Early Recovery
2023-12-29,-0.108306114781969,,-0.17605729421109984,,-0.09319620235809992,-0.3775596113511688,-0.2655661548902845,-0.2511909483581942,Downturn
2023-12-30,,,,-0.11940250615579225,-0.01917612552441056,-0.1385786316802028,0.238980979670966,0.5045471345612504,Early Recovery
2023-12-31,-0.016537680855770835,-0.154701152635944,0.044007114591915114,-0.026559780482176,-0.06043748480153619,-0.2142289841835119,-0.07565035250330912,-0.3146313321742751,Early Recovery
2024-01-28,0.11474414814268509,,,0.24612090926960348,,0.3608650574122886,0.5750940415958005,0.6507443940991096,Expansion
2024-01-31,,,,,-0.11307206283282552,-0.11307206283282552,-0.4739371202451141,-1.0490311618409145,Early Recovery
2024-02-03,,,,-0.29962946318947775,,-0.29962946318947775,-0.18655740035665225,0.28737971988846184,Early Recovery
2024-02-04,,,,0.13197848519645614,,0.13197848519645614,0.43160794838593386,0.6181653487425861,Expansion
2024-02-29,,,-0.0786434837415011,,,-0.0786434837415011,-0.21062196893795723,-0.6422299173238911,Early Recovery
2024-03-24,,,,-0.1258143153221381,,-0.1258143153221381,-0.04717083158063701,0.16345113735732023,Early Recovery
2024-03-29,-0.08079450495467273,,0.04277459616042078,0.002957426043953976,-0.137732963561513,-0.17279544631181096,-0.046981130989672854,0.0001897005909641536,Early Recovery
2024-03-30,,-0.24735925095415395,,-0.04411291318961749,-0.07141608321275643,-0.36288824735652786,-0.1900928010447169,-0.14311167005504405,Downturn
2024-03-31,-0.01731294802903341,-0.1461295452380676,0.10451376857983022,-0.1798377144025866,-0.06021300800837523,-0.29897944709823265,0.0639088002582952,0.2540016013030121,Early Recovery
2024-04-28,0.07530038236908439,,,0.2274940496786722,,0.3027944320477566,0.6017738791459892,0.537865078887694,Expansion
2024-04-30,,,,,-0.020720701578832337,-0.020720701578832337,-0.3235151336265889,-0.9252890127725781,Early Recovery
2024-05-04,,,,-0.3767971063304061,,-0.3767971063304061,-0.35607640475157376,-0.03256127112498486,Downturn
2024-05-05,,,,0.0439871678963903,,0.0439871678963903,0.4207842742267964,0.7768606789783701,Expansion
2024-05-30,,,-0.08160604008084216,,,-0.08160604008084216,-0.12559320797723245,-0.5463774822040288,Early Recovery
2024-06-23,,,,-0.2066015350142704,,-0.2066015350142704,-0.12499549493342824,0.00059771304380421,Early Recovery
2024-06-28,-0.051400365368584555,,0.28617715304230185,-0.015927646722439025,-0.16303295552095898,0.0558161854303193,0.26241772044458966,0.38741321537801787,Expansion
2024-06-29,,-0.21699526860494894,,-0.200006847080498,-0.05860121772884117,-0.4756033334142882,-0.5314195188446075,-0.7938372392891971,Downturn
2024-06-30,-0.019028024029658707,-0.06916392375575411,-0.023717584951048865,-0.07774517593724785,-0.03418174939266678,-0.2238364580663763,0.25176687534791187,0.7831863941925193,Early Recovery
2024-07-28,0.12107333825805477,,,0.2156728632315571,,0.3367462014896119,0.5605826595559882,0.3088157842080763,Expansion
2024-07-31,,,,,0.0008873026095559511,0.0008873026095559511,-0.33585889888005593,-0.8964415584360441,Early Recovery
2024-08-03,,,,-0.2318933934037032,,-0.2318933934037032,-0.23278069601325915,0.10307820286679678,Early Recovery
2024-08-04,,,,0.057836067984714926,,0.057836067984714926,0.28972946138841815,0.5225101574016773,Expansion
2024-08-29,,,-0.03316214947417381,,,-0.03316214947417381,-0.09099821745888874,-0.3807276788473069,Early Recovery
2024-09-27,-0.06738759545821692,,0.24018340052184106,0.030489504150003136,-0.07443323552681305,0.1288520736868142,0.162014223160988,0.25301244061987677,Expansion
2024-09-28,,-0.22982204592495767,,-0.13731387057901553,0.01498232841285725,-0.35215358809111597,-0.48100566177793014,-0.6430198849389182,Downturn
2024-09-29,0.12411143827668608,,,-0.006764463367786494,-0.07509200403914679,0.0422549708697528,0.3944085589608688,0.8754142207387989,Expansion
2024-09-30,0.04585787064680462,-0.020969086773317214,,-0.060220300976671616,0.006165788787901783,-0.029165728315282427,-0.07142069918503523,-0.46582925814590403,Early Recovery
